{
  "model": "SVM (RBF Kernel)",
  "hyperparameters": {
    "C": 25.50361245526671,
    "gamma": 0.0009125703046060933
  },
  "accuracy": 0.8859091978358034,
  "precision": 0.8871420055702786,
  "recall": 0.8859091978358034,
  "f1_score": 0.886071370117106,
  "per_class_accuracy": {
    "a": 0.8929663608562691,
    "b": 0.944954128440367,
    "c": 0.9388379204892966,
    "d": 0.9327217125382263,
    "e": 0.9235474006116208,
    "f": 0.9021406727828746,
    "g": 0.6483180428134556,
    "h": 0.9051987767584098,
    "i": 0.7370030581039755,
    "j": 0.8623853211009175,
    "k": 0.9327217125382263,
    "l": 0.8165137614678899,
    "m": 0.9388379204892966,
    "n": 0.8990825688073395,
    "o": 0.944954128440367,
    "p": 0.9235474006116208,
    "q": 0.7003058103975535,
    "r": 0.9602446483180428,
    "s": 0.9327217125382263,
    "t": 0.8960244648318043,
    "u": 0.8990825688073395,
    "v": 0.8868501529051988,
    "w": 0.9510703363914373,
    "x": 0.8837920489296636,
    "y": 0.8562691131498471,
    "z": 0.9235474006116208
  },
  "n_support_vectors": 26825,
  "support_vectors_ratio": 0.4830200230481129
}