{
  "model": "AlexNet (Transfer Learning)",
  "architecture": "AlexNet Pretrained ImageNet",
  "hyperparameters": {
    "dropout": 0.6802857225639665,
    "optimizer": "Adam",
    "learning_rate": 0.0001329291894316216,
    "batch_size": 128,
    "weight_decay": 2.9380279387035354e-06,
    "momentum": null
  },
  "accuracy": 0.9460127028934369,
  "precision": 0.9473682456378657,
  "recall": 0.9460127028934368,
  "f1_score": 0.9460504793137325,
  "per_class_accuracy": {
    "a": 0.9327217125382263,
    "b": 0.9877675840978594,
    "c": 0.9755351681957186,
    "d": 0.9908256880733946,
    "e": 0.9938837920489296,
    "f": 0.9694189602446484,
    "g": 0.8409785932721713,
    "h": 0.9724770642201835,
    "i": 0.9143730886850153,
    "j": 0.8929663608562691,
    "k": 0.9938837920489296,
    "l": 0.7706422018348624,
    "m": 0.9847094801223242,
    "n": 0.9694189602446484,
    "o": 0.9694189602446484,
    "p": 0.9724770642201835,
    "q": 0.8134556574923547,
    "r": 0.9571865443425076,
    "s": 0.9877675840978594,
    "t": 0.9541284403669725,
    "u": 0.9204892966360856,
    "v": 0.926605504587156,
    "w": 0.9755351681957186,
    "x": 0.9755351681957186,
    "y": 0.9663608562691132,
    "z": 0.9877675840978594
  },
  "total_parameters": 57110362,
  "trainable_parameters": 57110362,
  "training_history": {
    "train_acc": [
      0.8474981993814346,
      0.9243316527560056,
      0.9358344278269711,
      0.9428674321060883,
      0.9483752065415413,
      0.9514680337245266,
      0.9550692708553997,
      0.9586916917341016,
      0.9613184764648561,
      0.9622505613693174,
      0.9651103673261874,
      0.9666779646655086,
      0.9692623819006059,
      0.9758081599796636
    ],
    "val_acc": [
      0.9332533013205282,
      0.9361344537815126,
      0.9423769507803121,
      0.9447779111644657,
      0.9460984393757503,
      0.9463385354141657,
      0.9507803121248499,
      0.9471788715486195,
      0.9477791116446579,
      0.9476590636254502,
      0.9493397358943577,
      0.9474189675870348,
      0.9481392557022809,
      0.9492196878751501
    ],
    "train_loss": [
      0.5056759082689518,
      0.23528765662898862,
      0.1939028271531994,
      0.1667283509623229,
      0.1496585491630766,
      0.13563886895614266,
      0.1278321629233638,
      0.11313206037168257,
      0.10674064901220766,
      0.09983928645973607,
      0.09252325548136703,
      0.08763696806540658,
      0.08018461378609262,
      0.06292397526867667
    ],
    "val_loss": [
      0.20948778973384338,
      0.19329370592128148,
      0.1806464803715547,
      0.16954602301120758,
      0.16759610034976946,
      0.17048831475955067,
      0.16842550750483165,
      0.1750129284054944,
      0.17910559763285247,
      0.1811962497956825,
      0.1867781173099171,
      0.2042977474629879,
      0.20376739199414398,
      0.20620125351530133
    ],
    "val_f1": [
      0.933083394240582,
      0.935669747710643,
      0.9423837306412166,
      0.9447235720778344,
      0.9461352815284744,
      0.9464231123426069,
      0.9506479366729058,
      0.9470793953533087,
      0.9477813271905198,
      0.9476722789913966,
      0.9494176904590397,
      0.9472854101027022,
      0.9482404177165402,
      0.949399093597321
    ]
  }
}